<?xml version="1.0"?>
<!--<!DOCTYPE metadata SYSTEM "http://www.esri.com/metadata/esriprof80.dtd">-->
<metadata xml:lang="en"><Esri><CreaDate>20070126</CreaDate><CreaTime>22512300</CreaTime><SyncOnce>TRUE</SyncOnce><MetaID>{46B7013B-5574-4CA0-B737-B9601E570C90}</MetaID></Esri><idinfo><citation><citeinfo><onlink Sync="TRUE">\\LT-RSS10\C$\WorkSpace\TA\labs\benthic_habmapping\benthichab2007\klpd10_8w</onlink></citeinfo></citation></idinfo><distInfo><distributor><distorTran><onLineSrc><linkage Sync="TRUE">file://\\LT-RSS10\C$\WorkSpace\TA\labs\benthic_habmapping\benthichab2007\klpd10_8w</linkage><protocol Sync="TRUE">Local Area Network</protocol></onLineSrc></distorTran></distributor></distInfo><dataqual><lineage><procstep><procdesc Sync="TRUE">Dataset copied.</procdesc><srcused Sync="TRUE">Z:\courses\psmfc\monterey\test2\rstats_m\klpd10_8w</srcused><date Sync="TRUE">20050611</date><time Sync="TRUE">13211700</time></procstep><procstep><procdesc Sync="TRUE">Dataset copied.</procdesc><srcused Sync="TRUE">C:\WorkSpace\TA\labs\benthic_habmapping\carmel_bay\hab_mod_CB_f\klpd10_8w</srcused><date Sync="TRUE">20070126</date><time Sync="TRUE">22512300</time></procstep></lineage></dataqual></metadata>
