<?xml version="1.0" encoding="UTF-8"?>
<metadata xml:lang="en"><Esri><CreaDate>20130220</CreaDate><CreaTime>14001000</CreaTime><ArcGISFormat>1.0</ArcGISFormat><ArcGISstyle>FGDC CSDGM Metadata</ArcGISstyle><SyncOnce>TRUE</SyncOnce><DataProperties><lineage><Process Name="Raster Calculator" ToolSource="c:\program files (x86)\arcgis\desktop10.1\ArcToolbox\Toolboxes\Spatial Analyst Tools.tbx\RasterCalculator" Date="20130220" Time="140010">RasterCalculator "-15.366854 + (0.067575 *  "bath10_8w") + (0.280906 * "botc10_8ws") + (0.021546 * "brkd10_8w") + (-4.418392 * "habras10_1") + (2.111166 * "habras10_2") + (-1.662838 * "habras10_3") + (-0.262158 * "habras10_4") + (-1.503167 * "habras10_5") + (-4.412146 * "habras10_6") + (0.317076 * "habras10_7") + (-1.127709 * "habras10_8")" X:\lab08_benthic_habitat_modeling\brf_logit_b4.img</Process></lineage></DataProperties></Esri></metadata>
