<PAMDataset>
  <PAMRasterBand band="1">
    <Description>Layer_1</Description>
    <Metadata domain="IMAGE_STRUCTURE">
      <MDI key="COMPRESSION">RLE</MDI>
    </Metadata>
    <Metadata>
      <MDI key="LAYER_TYPE">athematic</MDI>
      <MDI key="STATISTICS_MINIMUM">0</MDI>
      <MDI key="STATISTICS_MAXIMUM">1</MDI>
      <MDI key="STATISTICS_MEAN">0.18835964795896</MDI>
      <MDI key="STATISTICS_STDDEV">0.39100197542665</MDI>
      <MDI key="STATISTICS_COVARIANCES">0.15288254478754</MDI>
    </Metadata>
  </PAMRasterBand>
</PAMDataset>
