<PAMDataset>
  <PAMRasterBand band="1">
    <Description>Layer_1</Description>
    <Metadata domain="IMAGE_STRUCTURE">
      <MDI key="COMPRESSION">RLE</MDI>
    </Metadata>
    <Metadata>
      <MDI key="LAYER_TYPE">athematic</MDI>
      <MDI key="STATISTICS_MINIMUM">0</MDI>
      <MDI key="STATISTICS_MAXIMUM">1</MDI>
      <MDI key="STATISTICS_MEAN">0.30446960316056</MDI>
      <MDI key="STATISTICS_STDDEV">0.46018581651337</MDI>
      <MDI key="STATISTICS_COVARIANCES">0.211770985720081</MDI>
    </Metadata>
  </PAMRasterBand>
</PAMDataset>
