<?xml version="1.0" encoding="UTF-8"?>
<metadata xml:lang="en"><Esri><CreaDate>20130220</CreaDate><CreaTime>13392200</CreaTime><ArcGISFormat>1.0</ArcGISFormat><ArcGISstyle>FGDC CSDGM Metadata</ArcGISstyle><SyncOnce>TRUE</SyncOnce><DataProperties><lineage><Process Name="Raster Calculator" ToolSource="c:\program files (x86)\arcgis\desktop10.1\ArcToolbox\Toolboxes\Spatial Analyst Tools.tbx\RasterCalculator" Date="20130220" Time="133922">RasterCalculator "-13.777906116 + (0.056501861 *  "bath10_8w") + (0.29718892 * "botc10_8ws") + (0.017604575 * "brkd10_8w")" X:\lab08_benthic_habitat_modeling\brf_logitb3.img</Process></lineage></DataProperties></Esri></metadata>
