<?xml version="1.0" encoding="UTF-8"?>
<metadata xml:lang="en"><Esri><CreaDate>20130220</CreaDate><CreaTime>14033300</CreaTime><ArcGISFormat>1.0</ArcGISFormat><ArcGISstyle>FGDC CSDGM Metadata</ArcGISstyle><SyncOnce>TRUE</SyncOnce><DataProperties><lineage><Process Name="Raster Calculator (3)" ToolSource="c:\program files (x86)\arcgis\desktop10.1\ArcToolbox\Toolboxes\Spatial Analyst Tools.tbx\RasterCalculator" Date="20130220" Time="140333">RasterCalculator Con("X:\lab08_benthic_habitat_modeling\brf_prob_b4.img" &gt; 0.5,1,0) X:\lab08_benthic_habitat_modeling\brf_prob50_b4.img</Process></lineage></DataProperties></Esri></metadata>
