<?xml version="1.0" encoding="UTF-8"?>
<metadata xml:lang="en"><Esri><CreaDate>20130220</CreaDate><CreaTime>13445000</CreaTime><ArcGISFormat>1.0</ArcGISFormat><ArcGISstyle>FGDC CSDGM Metadata</ArcGISstyle><SyncOnce>TRUE</SyncOnce><DataProperties><lineage><Process Name="Raster Calculator (3)" ToolSource="c:\program files (x86)\arcgis\desktop10.1\ArcToolbox\Toolboxes\Spatial Analyst Tools.tbx\RasterCalculator" Date="20130220" Time="134450">RasterCalculator Con("X:\lab08_benthic_habitat_modeling\brf_probb3.img" &gt; 0.50,1,0) X:\lab08_benthic_habitat_modeling\brf_prob50b3.img</Process></lineage></DataProperties></Esri></metadata>
