<?xml version="1.0"?>
<!--<!DOCTYPE metadata SYSTEM "http://www.esri.com/metadata/esriprof80.dtd">-->
<metadata xml:lang="en"><Esri><CreaDate>20070126</CreaDate><CreaTime>22512300</CreaTime><SyncOnce>FALSE</SyncOnce><SyncDate>20050401</SyncDate><SyncTime>12063300</SyncTime><ModDate>20050401</ModDate><ModTime>12063300</ModTime><DataProperties><lineage><Process Name="Append_2" ToolSource="C:\Program Files\ArcGIS\ArcToolbox\Toolboxes\Data Management Tools.tbx\Append" Date="20050301" Time="163405">Append D:\ROV_Carmel\CarmelPoint\ShapeFiles\Fish_Obs\ling_rf_209_211_213.shp;D:\ROV_Carmel\CarmelPoint\ShapeFiles\Fish_Obs\pile_rf_209_211_213.shp;D:\ROV_Carmel\CarmelPoint\ShapeFiles\Fish_Obs\Rosy_rf_209_211_213.shp;D:\ROV_Carmel\CarmelPoint\ShapeFiles\Fish_Obs\yellow_rf_209_211_213.shp D:\CSC_GIS_ID\Local_Data\Fisheries\ROV_B.shp TEST D:\CSC_GIS_ID\Local_Data\Fisheries\ROV_B.shp</Process></lineage></DataProperties><MetaID>{55876F07-92F3-4DC6-B4C7-2E3F047D2663}</MetaID></Esri><idinfo><native Sync="TRUE">Microsoft Windows 2000 Version 5.0 (Build 2195) Service Pack 4; ESRI ArcCatalog 9.0.0.535</native><descript><langdata Sync="TRUE">en</langdata><abstract>During 2002, the  California Department of Fish and Game, Marine Region (DFG) conducted ROV based surveys. In
Monterey the same four 720 m transects were replicated over three separate days to both test if fish abundances of key management species changed over time. The DFG survey off Carmel point was designed to replicate four linear 720 m lines parallel to shore, spaced 250 m apart, across a depth range of 20 to 70m over three
separate days. Three separate dives (209, 211,and 213) were completed on November 24, 28, and 29 respectively. Replication and tracking precision was accomplished by flying a precise compass heading while using GPS and sonar based tracking along a narrow “virtual” corridor 20 m wide. Finfish counts were generated in the DFG study during post processing using GPS time code captured on the audio track of the video record to link the observed position to the
positional one-second file.</abstract><purpose>REQUIRED: A summary of the intentions with which the data set was developed.</purpose></descript><citation><citeinfo><origin>REQUIRED: The name of an organization or individual that developed the data set.</origin><pubdate>REQUIRED: The date when the data set is published or otherwise made available for release.</pubdate><title Sync="TRUE">ROV_Fish_Obs</title><ftname Sync="TRUE">ROV_Fish_Obs</ftname><geoform Sync="TRUE">vector digital data</geoform><onlink Sync="TRUE">\\LT-RSS10\C$\WorkSpace\TA\labs\benthic_habmapping\benthichab2007\brf_obs</onlink></citeinfo></citation><timeperd><current>REQUIRED: The basis on which the time period of content information is determined.</current><timeinfo><sngdate><caldate>REQUIRED: The year (and optionally month, or month and day) for which the data set corresponds to the ground.</caldate></sngdate></timeinfo></timeperd><status><progress>REQUIRED: The state of the data set.</progress><update>REQUIRED: The frequency with which changes and additions are made to the data set after the initial data set is completed.</update></status><spdom><bounding><westbc Sync="TRUE">-121.949291</westbc><eastbc Sync="TRUE">-121.937991</eastbc><northbc Sync="TRUE">36.547232</northbc><southbc Sync="TRUE">36.539930</southbc></bounding><lboundng><leftbc Sync="TRUE">-174257.252929</leftbc><rightbc Sync="TRUE">-173262.997873</rightbc><bottombc Sync="TRUE">-162326.089104</bottombc><topbc Sync="TRUE">-161534.779801</topbc></lboundng></spdom><keywords><theme><themekt>REQUIRED: Reference to a formally registered thesaurus or a similar authoritative source of theme keywords.</themekt><themekey>REQUIRED: Common-use word or phrase used to describe the subject of the data set.</themekey></theme></keywords><accconst>REQUIRED: Restrictions and legal prerequisites for accessing the data set.</accconst><useconst>REQUIRED: Restrictions and legal prerequisites for using the data set after access is granted.</useconst><natvform Sync="TRUE">Shapefile</natvform></idinfo><dataIdInfo><envirDesc Sync="TRUE">Microsoft Windows 2000 Version 5.0 (Build 2195) Service Pack 4; ESRI ArcCatalog 9.0.0.535</envirDesc><dataLang><languageCode Sync="TRUE" value="en"></languageCode></dataLang><idCitation><resTitle Sync="TRUE">ROV_Fish_Obs</resTitle><presForm><PresFormCd Sync="TRUE" value="005"></PresFormCd></presForm></idCitation><spatRpType><SpatRepTypCd Sync="TRUE" value="001"></SpatRepTypCd></spatRpType><dataExt><geoEle><GeoBndBox esriExtentType="native"><westBL Sync="TRUE">-174257.252929</westBL><eastBL Sync="TRUE">-173262.997873</eastBL><northBL Sync="TRUE">-161534.779801</northBL><southBL Sync="TRUE">-162326.089104</southBL><exTypeCode Sync="TRUE">1</exTypeCode></GeoBndBox></geoEle></dataExt><geoBox esriExtentType="decdegrees"><westBL Sync="TRUE">-121.949291</westBL><eastBL Sync="TRUE">-121.937991</eastBL><northBL Sync="TRUE">36.547232</northBL><southBL Sync="TRUE">36.53993</southBL><exTypeCode Sync="TRUE">1</exTypeCode></geoBox></dataIdInfo><metainfo><langmeta Sync="TRUE">en</langmeta><metstdn Sync="TRUE">FGDC Content Standards for Digital Geospatial Metadata</metstdn><metstdv Sync="TRUE">FGDC-STD-001-1998</metstdv><mettc Sync="TRUE">local time</mettc><metc><cntinfo><cntorgp><cntper>REQUIRED: The person responsible for the metadata information.</cntper><cntorg>REQUIRED: The organization responsible for the metadata information.</cntorg></cntorgp><cntaddr><addrtype>REQUIRED: The mailing and/or physical address for the organization or individual.</addrtype><city>REQUIRED: The city of the address.</city><state>REQUIRED: The state or province of the address.</state><postal>REQUIRED: The ZIP or other postal code of the address.</postal></cntaddr><cntvoice>REQUIRED: The telephone number by which individuals can speak to the organization or individual.</cntvoice></cntinfo></metc><metd Sync="TRUE">20050401</metd><metextns><onlink Sync="TRUE">http://www.esri.com/metadata/esriprof80.html</onlink><metprof Sync="TRUE">ESRI Metadata Profile</metprof></metextns></metainfo><mdLang><languageCode Sync="TRUE" value="en"></languageCode></mdLang><mdStanName Sync="TRUE">ISO 19115 Geographic Information - Metadata</mdStanName><mdStanVer Sync="TRUE">DIS_ESRI1.0</mdStanVer><mdChar><CharSetCd Sync="TRUE" value="004"></CharSetCd></mdChar><mdHrLv><ScopeCd Sync="TRUE" value="005"></ScopeCd></mdHrLv><mdHrLvName Sync="TRUE">dataset</mdHrLvName><distinfo><resdesc Sync="TRUE">Downloadable Data</resdesc><stdorder><digform><digtinfo><transize Sync="TRUE">0.083</transize><dssize Sync="TRUE">0.083</dssize></digtinfo></digform></stdorder></distinfo><distInfo><distributor><distorTran><onLineSrc><orDesc Sync="TRUE">002</orDesc><linkage Sync="TRUE">file://\\LT-RSS10\C$\WorkSpace\TA\labs\benthic_habmapping\benthichab2007\brf_obs</linkage><protocol Sync="TRUE">Local Area Network</protocol></onLineSrc><transSize Sync="TRUE">0.083</transSize></distorTran><distorFormat><formatName Sync="TRUE">Shapefile</formatName></distorFormat></distributor></distInfo><spdoinfo><direct Sync="TRUE">Vector</direct><ptvctinf><esriterm Name="ROV_Fish_Obs"><efeatyp Sync="TRUE">Simple</efeatyp><efeageom Sync="TRUE">Point</efeageom><esritopo Sync="TRUE">FALSE</esritopo><efeacnt Sync="TRUE">2425</efeacnt><spindex Sync="TRUE">TRUE</spindex><linrefer Sync="TRUE">TRUE</linrefer></esriterm><sdtsterm Name="ROV_Fish_Obs"><sdtstype Sync="TRUE">Entity point</sdtstype><ptvctcnt Sync="TRUE">2425</ptvctcnt></sdtsterm></ptvctinf></spdoinfo><spref><horizsys><cordsysn><geogcsn Sync="TRUE">GCS_North_American_1983</geogcsn><projcsn Sync="TRUE">Albers Conical Equal Area</projcsn></cordsysn><planar><planci><plance Sync="TRUE">coordinate pair</plance><plandu Sync="TRUE">meters</plandu><coordrep><absres Sync="TRUE">0.000001</absres><ordres Sync="TRUE">0.000001</ordres></coordrep></planci><mapproj><mapprojn Sync="TRUE">Albers Conical Equal Area</mapprojn><albers><stdparll Sync="TRUE">34.000000</stdparll><stdparll Sync="TRUE">40.500000</stdparll><longcm Sync="TRUE">-120.000000</longcm><latprjo Sync="TRUE">0.000000</latprjo><feast Sync="TRUE">0.000000</feast><fnorth Sync="TRUE">-4000000.000000</fnorth></albers></mapproj></planar><geodetic><horizdn Sync="TRUE">North American Datum of 1983</horizdn><ellips Sync="TRUE">Geodetic Reference System 80</ellips><semiaxis Sync="TRUE">6378137.000000</semiaxis><denflat Sync="TRUE">298.257222</denflat></geodetic></horizsys></spref><refSysInfo><RefSystem><refSysID><identCode Sync="TRUE">Albers Conical Equal Area</identCode></refSysID></RefSystem></refSysInfo><spatRepInfo><VectSpatRep><topLvl><TopoLevCd Sync="TRUE" value="001"></TopoLevCd></topLvl><geometObjs Name="ROV_Fish_Obs"><geoObjTyp><GeoObjTypCd Sync="TRUE" value="004"></GeoObjTypCd></geoObjTyp><geoObjCnt Sync="TRUE">2425</geoObjCnt></geometObjs></VectSpatRep></spatRepInfo><eainfo><detailed Name="ROV_Fish_Obs"><enttyp><enttypl Sync="TRUE">ROV_Fish_Obs</enttypl><enttypt Sync="TRUE">Feature Class</enttypt><enttypc Sync="TRUE">2425</enttypc></enttyp><attr><attrlabl Sync="TRUE">FID</attrlabl><attalias Sync="TRUE">FID</attalias><attrtype Sync="TRUE">OID</attrtype><attwidth Sync="TRUE">4</attwidth><atprecis Sync="TRUE">0</atprecis><attscale Sync="TRUE">0</attscale><attrdef Sync="TRUE">Internal feature number.</attrdef><attrdefs Sync="TRUE">ESRI</attrdefs><attrdomv><udom Sync="TRUE">Sequential unique whole numbers that are automatically generated.</udom></attrdomv></attr><attr><attrlabl Sync="TRUE">Shape</attrlabl><attalias Sync="TRUE">Shape</attalias><attrtype Sync="TRUE">Geometry</attrtype><attwidth Sync="TRUE">0</attwidth><atprecis Sync="TRUE">0</atprecis><attscale Sync="TRUE">0</attscale><attrdef Sync="TRUE">Feature geometry.</attrdef><attrdefs Sync="TRUE">ESRI</attrdefs><attrdomv><udom Sync="TRUE">Coordinates defining the features.</udom></attrdomv></attr><attr><attrlabl Sync="TRUE">segmentID</attrlabl><attalias Sync="TRUE">segmentID</attalias><attrtype Sync="TRUE">Number</attrtype><attwidth Sync="TRUE">9</attwidth></attr><attr><attrlabl Sync="TRUE">dive</attrlabl><attalias Sync="TRUE">dive</attalias><attrtype Sync="TRUE">Number</attrtype><attwidth Sync="TRUE">9</attwidth></attr><attr><attrlabl Sync="TRUE">TC</attrlabl><attalias Sync="TRUE">TC</attalias><attrtype Sync="TRUE">Date</attrtype><attwidth Sync="TRUE">8</attwidth></attr><attr><attrlabl Sync="TRUE">TCtext</attrlabl><attalias Sync="TRUE">TCtext</attalias><attrtype Sync="TRUE">String</attrtype><attwidth Sync="TRUE">254</attwidth></attr><attr><attrlabl Sync="TRUE">sec</attrlabl><attalias Sync="TRUE">sec</attalias><attrtype Sync="TRUE">Number</attrtype><attwidth Sync="TRUE">19</attwidth><atnumdec Sync="TRUE">11</atnumdec></attr><attr><attrlabl Sync="TRUE">taxserial</attrlabl><attalias Sync="TRUE">taxserial</attalias><attrtype Sync="TRUE">Number</attrtype><attwidth Sync="TRUE">9</attwidth></attr><attr><attrlabl Sync="TRUE">count</attrlabl><attalias Sync="TRUE">count</attalias><attrtype Sync="TRUE">Number</attrtype><attwidth Sync="TRUE">9</attwidth></attr><attr><attrlabl Sync="TRUE">length</attrlabl><attalias Sync="TRUE">length</attalias><attrtype Sync="TRUE">Number</attrtype><attwidth Sync="TRUE">4</attwidth></attr><attr><attrlabl Sync="TRUE">devCode</attrlabl><attalias Sync="TRUE">devCode</attalias><attrtype Sync="TRUE">String</attrtype><attwidth Sync="TRUE">50</attwidth></attr><attr><attrlabl Sync="TRUE">note</attrlabl><attalias Sync="TRUE">note</attalias><attrtype Sync="TRUE">String</attrtype><attwidth Sync="TRUE">254</attwidth></attr><attr><attrlabl Sync="TRUE">sex</attrlabl><attalias Sync="TRUE">sex</attalias><attrtype Sync="TRUE">String</attrtype><attwidth Sync="TRUE">1</attwidth></attr><attr><attrlabl Sync="TRUE">visTL</attrlabl><attalias Sync="TRUE">visTL</attalias><attrtype Sync="TRUE">Number</attrtype><attwidth Sync="TRUE">9</attwidth></attr><attr><attrlabl Sync="TRUE">COMNAME</attrlabl><attalias Sync="TRUE">COMNAME</attalias><attrtype Sync="TRUE">String</attrtype><attwidth Sync="TRUE">25</attwidth></attr></detailed></eainfo><mdDateSt Sync="TRUE">20050401</mdDateSt><dataqual><lineage><procstep><procdesc Sync="TRUE">Dataset copied.</procdesc><date Sync="TRUE">20050301</date><time Sync="TRUE">16313400</time></procstep><procstep><procdesc Sync="TRUE">Dataset copied.</procdesc><srcused Sync="TRUE"></srcused><date Sync="TRUE">20050301</date><time Sync="TRUE">16483800</time></procstep><procstep><procdesc Sync="TRUE">Dataset moved.</procdesc><srcused Sync="TRUE">D:\CSC_GIS_ID\Local_Data\CD1\Shapefiles\ROV_Fish_Obs</srcused><date Sync="TRUE">20050330</date><time Sync="TRUE">14021900</time></procstep><procstep><procdesc Sync="TRUE">Dataset copied.</procdesc><srcused Sync="TRUE"></srcused><date Sync="TRUE">20050606</date><time Sync="TRUE">14193300</time></procstep><procstep><procdesc Sync="TRUE">Dataset moved.</procdesc><srcused Sync="TRUE">D:\CSC_GIS_ID\Local_Data\CD2\ROV_Fish</srcused><date Sync="TRUE">20050606</date><time Sync="TRUE">15094400</time></procstep><procstep><procdesc Sync="TRUE">Dataset copied.</procdesc><srcused Sync="TRUE"></srcused><date Sync="TRUE">20050608</date><time Sync="TRUE">16322400</time></procstep><procstep><procdesc Sync="TRUE">Dataset copied.</procdesc><srcused Sync="TRUE"></srcused><date Sync="TRUE">20050609</date><time Sync="TRUE">09202700</time></procstep><procstep><procdesc Sync="TRUE">Dataset copied.</procdesc><srcused Sync="TRUE">Z:\courses\psmfc\monterey\hab_mod\brf_obs</srcused><date Sync="TRUE">20050609</date><time Sync="TRUE">16173400</time></procstep><procstep><procdesc Sync="TRUE">Dataset copied.</procdesc><srcused Sync="TRUE">Z:\courses\psmfc\monterey\test2\rstats_m\brf_obs</srcused><date Sync="TRUE">20050611</date><time Sync="TRUE">13195000</time></procstep><procstep><procdesc Sync="TRUE">Dataset copied.</procdesc><srcused Sync="TRUE">C:\WorkSpace\TA\labs\benthic_habmapping\carmel_bay\hab_mod_CB_f\brf_obs</srcused><date Sync="TRUE">20070126</date><time Sync="TRUE">22512300</time></procstep></lineage></dataqual></metadata>
