<?xml version="1.0" encoding="UTF-8"?>
<metadata xml:lang="en"><Esri><CreaDate>20130220</CreaDate><CreaTime>13422000</CreaTime><ArcGISFormat>1.0</ArcGISFormat><ArcGISstyle>FGDC CSDGM Metadata</ArcGISstyle><SyncOnce>TRUE</SyncOnce><DataProperties><lineage><Process Name="Raster Calculator (2)" ToolSource="c:\program files (x86)\arcgis\desktop10.1\ArcToolbox\Toolboxes\Spatial Analyst Tools.tbx\RasterCalculator" Date="20130220" Time="134220">RasterCalculator "Exp("X:\lab08_benthic_habitat_modeling\brf_logitb3.img") / (1 + Exp("X:\lab08_benthic_habitat_modeling\brf_logitb3.img"))" X:\lab08_benthic_habitat_modeling\brf_probb3.img</Process></lineage></DataProperties></Esri></metadata>
