<?xml version="1.0"?>
<?xml-stylesheet type="text/xsl" href="http://gis.ca.gov/fgdc_esri.xsl"?>
<metadata xmlns:casil="http://gis.ca.gov/" 
	  xml:lang="en" 
casil:resource="http://gis.ca.gov/catalog/BrowseRecord.epl?id=273">
  <idinfo>
    <citation>
      <citeinfo>
	<origin>Teale GIS Solutions Group</origin>
	<pubdate>1997-01-01</pubdate>
	<edition></edition>
	<title>California shoreline</title>
	<geoform></geoform>
      </citeinfo>
    </citation>
    <descript>
      <abstract>This shoreline represents the mean high tide line along the coast. Accuracy of this coverage is fairly good with respects to the original source material. California shoreline from the Oregon border to the Mexico border including Humboldt, Arcata, San Francisco, San Pablo, Suisun, Honker, and San Diego Bays and includes offshore rocks. This coverage has been compiled from individually digitized 7.5'USGS quadrangles controlled by NGS triangulation stations and individual quad corners. RMS errors averaged under 5 meters per quad.</abstract>
      <purpose>To provide information abou the California coast.</purpose>
      <supplinf>The shoreline between the Mare Island and Cuttings Wharf quads did not match. The Cuttings Warf quad was completed in 1949 and the Mare Island quad was completed in 1959. The differences were assumed to have resulted from the different mapping dates. Consequently, the shoreline of the quad with the later date, the Mare Island quad, was held and the shoreline of the Cuttings Wharf quad was manually adjusted to fit. Not all of the quadrangles were current, since we could not afford new mylar sets. You will find some differences between our shoreline and the most recent USGS quadrangles. We intend to clarify this problem in the next few years.</supplinf>
      <langdata>English</langdata></descript>
    <timeperd>
      <timeinfo>
	<rngdates><begdate>1997-01-01</begdate>
<enddate>1997-12-31</enddate></rngdates>
    </timeinfo>
      <current>Publication Date</current>
    </timeperd>
    <status>
      <progress>Complete</progress>
      <update></update>
    </status>
    <spdom>
      <bounding>
	<westbc>-124.0000</westbc>
	<eastbc>-114.0000</eastbc>
	<northbc>42.0000</northbc>
	<southbc>32.0000</southbc>
      </bounding>
      <lboundng>
 <leftbc></leftbc><rightbc></rightbc><bottombc></bottombc><topbc></topbc></lboundng></spdom>
    <keywords>
	<theme><themekey>Coastal resources</themekey></theme>
	<place><placekey>California</placekey></place>
    </keywords>
    <accconst>No Restrictions</accconst>
    <useconst>No Redistribution</useconst>
    <native></native>
    <natvform></natvform></idinfo>
    <ptcontac>
      <cntinfo>
	<cntorgp>
	  <cntorg>California Environmental Resources Evaluation System (CERES)</cntorg>
	  <cntper>Ray McDowell</cntper>
	</cntorgp>
	<cntaddr>
	  <addrtype>mailing</addrtype>
	  <address>California Environmental Resources Evaluation System (CERES)</address>
	  <city></city>
	  <state></state>
	  <postal></postal>
	</cntaddr>
	<cntvoice>(916) 654-9990</cntvoice>
	<cntemail>ray@ceres.ca.gov</cntemail>
      </cntinfo>
    </ptcontac>
  <spdoinfo>
    <direct></direct>
    <ptvctinf>
      <sdtsterm Name="arc">
	<sdtstype></sdtstype>
	<ptvctcnt></ptvctcnt>
      </sdtsterm>
      <sdtsterm Name="label">
	<sdtstype></sdtstype>
	<ptvctcnt></ptvctcnt>
      </sdtsterm>
      <sdtsterm Name="polygon">
	<sdtstype></sdtstype>
	<ptvctcnt></ptvctcnt>
      </sdtsterm>
      <sdtsterm Name="tic">
	<sdtstype></sdtstype>
	<ptvctcnt></ptvctcnt>
      </sdtsterm>
      <sdtsterm Name="annotation">
	<sdtstype></sdtstype>
	<ptvctcnt></ptvctcnt>
      </sdtsterm>
</ptvctinf>
  </spdoinfo>
  <spref>
    <horizsys>
      <planar>
	<planci>
	  <plance></plance>
	  <coordrep>
	    <absres></absres>
	    <ordres></ordres>
	  </coordrep>
	  <plandu></plandu>
	</planci>
	<mapproj><mapprojn></mapprojn><albers><stdparll></stdparll><longcm></longcm><feast></feast><fnorth></fnorth></albers></mapproj></planar>
      <geodetic>
	<horizdn></horizdn>
	<ellips></ellips>
	<semiaxis></semiaxis>
	<denflat></denflat>
      </geodetic>
      <cordsysn><geogcsn></geogcsn><projcsn></projcsn></cordsysn></horizsys>
  </spref>
  <distinfo>
    <distrib>
      <cntinfo>
	<cntorgp>
	  <cntorg>California Environmental Resources Evaluation System (CERES)</cntorg>
	  <cntper>Ray McDowell</cntper>
	</cntorgp>
	<cntaddr>
	  <addrtype>mailing</addrtype>
	  <address>California Environmental Resources Evaluation System (CERES)</address>
	  <city></city>
	  <state></state>
	  <postal></postal>
	</cntaddr>
	<cntvoice>(916) 654-9990</cntvoice>
	<cntemail>ray@ceres.ca.gov</cntemail>
      </cntinfo>
    </distrib>
    <stdorder>
      <digform>
	<digtinfo>
	  <formname>ARCE</formname>
	  <filedec></filedec>
	  <transize></transize>
	  <dssize></dssize></digtinfo>
	<digtopt>
	  <onlinopt>
	    <computer>
	      <networka>
		<networkr>http://gis.ca.gov/download.epl?catalog=casil&amp;data_title=California shoreline&amp;name=coast24a</networkr>
	      </networka>
	    </computer>
	    <accinstr></accinstr>
	  </onlinopt>
	</digtopt>
      </digform>
    </stdorder>
  </distinfo>
  <metainfo>
    <metd>1997-12-23</metd>
    <metc>
      <cntinfo>
	<cntorgp>
	  <cntorg>California Environmental Resources Evaluation System (CERES)</cntorg>
	  <cntper>Ray McDowell</cntper>
	</cntorgp>
	<cntaddr>
	  <addrtype>mailing</addrtype>
	  <address>California Environmental Resources Evaluation System (CERES)</address>
	  <city></city>
	  <state></state>
	  <postal></postal>
	</cntaddr>
	<cntvoice>(916) 654-9990</cntvoice>
	<cntemail>ray@ceres.ca.gov</cntemail>
      </cntinfo>
    </metc>
    <metstdn></metstdn>
    <metstdv></metstdv>
    <mettc></mettc>
    <metextns>
      <onlink></onlink>
      <metprof></metprof>
    </metextns>
    <langmeta></langmeta></metainfo>
</metadata>









