<?xml version="1.0"?>
<!--<!DOCTYPE metadata SYSTEM "http://www.esri.com/metadata/esriprof80.dtd">-->
<metadata xml:lang="en"><Esri><CreaDate>20070126</CreaDate><CreaTime>22512300</CreaTime><SyncOnce>TRUE</SyncOnce><MetaID>{5EE5BD8A-1CA7-49EB-865F-232E8D3C7F8A}</MetaID></Esri><idinfo><citation><citeinfo><onlink Sync="TRUE">\\LT-RSS10\C$\WorkSpace\TA\labs\benthic_habmapping\benthichab2007\rnd_obs</onlink></citeinfo></citation></idinfo><distInfo><distributor><distorTran><onLineSrc><linkage Sync="TRUE">file://\\LT-RSS10\C$\WorkSpace\TA\labs\benthic_habmapping\benthichab2007\rnd_obs</linkage><protocol Sync="TRUE">Local Area Network</protocol></onLineSrc></distorTran></distributor></distInfo><dataqual><lineage><procstep><procdesc Sync="TRUE">Dataset copied.</procdesc><srcused Sync="TRUE">Z:\courses\psmfc\monterey\hab_mod\rnd_obs</srcused><date Sync="TRUE">20050609</date><time Sync="TRUE">16173400</time></procstep><procstep><procdesc Sync="TRUE">Dataset copied.</procdesc><srcused Sync="TRUE">Z:\courses\psmfc\monterey\test2\rstats_m\rnd_obs</srcused><date Sync="TRUE">20050611</date><time Sync="TRUE">13241500</time></procstep><procstep><procdesc Sync="TRUE">Dataset copied.</procdesc><srcused Sync="TRUE">C:\WorkSpace\TA\labs\benthic_habmapping\carmel_bay\hab_mod_CB_f\rnd_obs</srcused><date Sync="TRUE">20070126</date><time Sync="TRUE">22512300</time></procstep></lineage></dataqual></metadata>
