<?xml version="1.0"?>
<!--<!DOCTYPE metadata SYSTEM "http://www.esri.com/metadata/esriprof80.dtd">-->
<metadata xml:lang="en"><Esri><CreaDate>20080129</CreaDate><CreaTime>13585200</CreaTime><SyncOnce>FALSE</SyncOnce><SyncDate>20080129</SyncDate><SyncTime>18114800</SyncTime><ModDate>20080129</ModDate><ModTime>18114800</ModTime><MetaID>{DF03D74C-A76B-476E-81C9-00AF19891CE4}</MetaID></Esri><idinfo><native Sync="TRUE">Microsoft Windows XP Version 5.1 (Build 2600) Service Pack 2; ESRI ArcCatalog 9.2.2.1350</native><descript><langdata Sync="TRUE">en</langdata><abstract>REQUIRED: A brief narrative summary of the data set.</abstract><purpose>REQUIRED: A summary of the intentions with which the data set was developed.</purpose></descript><citation><citeinfo><origin>REQUIRED: The name of an organization or individual that developed the data set.</origin><pubdate>REQUIRED: The date when the data set is published or otherwise made available for release.</pubdate><title Sync="TRUE">ROV_TransectN83</title><ftname Sync="TRUE">ROV_TransectN83</ftname><geoform Sync="TRUE">vector digital data</geoform><onlink Sync="TRUE">\\LAGENODELPHIS\C$\TA_Courses\Spring2008\environ265\labs\lab04_benthic_habitat_modeling2\ROV_TransectN83.shp</onlink></citeinfo></citation><timeperd><current>REQUIRED: The basis on which the time period of content information is determined.</current><timeinfo><sngdate><caldate>REQUIRED: The year (and optionally month, or month and day) for which the data set corresponds to the ground.</caldate></sngdate></timeinfo></timeperd><status><progress>REQUIRED: The state of the data set.</progress><update>REQUIRED: The frequency with which changes and additions are made to the data set after the initial data set is completed.</update></status><spdom><bounding><westbc Sync="TRUE">-121.949293</westbc><eastbc Sync="TRUE">-121.937884</eastbc><northbc Sync="TRUE">36.547254</northbc><southbc Sync="TRUE">36.539910</southbc></bounding><lboundng><leftbc Sync="TRUE">-174257.383686</leftbc><rightbc Sync="TRUE">-173253.453416</rightbc><bottombc Sync="TRUE">-162328.331563</bottombc><topbc Sync="TRUE">-161532.494131</topbc></lboundng></spdom><keywords><theme><themekt>REQUIRED: Reference to a formally registered thesaurus or a similar authoritative source of theme keywords.</themekt><themekey>REQUIRED: Common-use word or phrase used to describe the subject of the data set.</themekey></theme></keywords><accconst>REQUIRED: Restrictions and legal prerequisites for accessing the data set.</accconst><useconst>REQUIRED: Restrictions and legal prerequisites for using the data set after access is granted.</useconst><natvform Sync="TRUE">Shapefile</natvform></idinfo><dataIdInfo><envirDesc Sync="TRUE">Microsoft Windows XP Version 5.1 (Build 2600) Service Pack 2; ESRI ArcCatalog 9.2.2.1350</envirDesc><dataLang><languageCode Sync="TRUE" value="en"></languageCode></dataLang><idCitation><resTitle Sync="TRUE">ROV_TransectN83</resTitle><presForm><PresFormCd Sync="TRUE" value="005"></PresFormCd></presForm></idCitation><spatRpType><SpatRepTypCd Sync="TRUE" value="001"></SpatRepTypCd></spatRpType><dataExt><geoEle><GeoBndBox esriExtentType="native"><westBL Sync="TRUE">-174257.383686</westBL><eastBL Sync="TRUE">-173253.453416</eastBL><northBL Sync="TRUE">-161532.494131</northBL><southBL Sync="TRUE">-162328.331563</southBL><exTypeCode Sync="TRUE">1</exTypeCode></GeoBndBox></geoEle></dataExt><geoBox esriExtentType="decdegrees"><westBL Sync="TRUE">-121.949293</westBL><eastBL Sync="TRUE">-121.937884</eastBL><northBL Sync="TRUE">36.547254</northBL><southBL Sync="TRUE">36.53991</southBL><exTypeCode Sync="TRUE">1</exTypeCode></geoBox></dataIdInfo><metainfo><langmeta Sync="TRUE">en</langmeta><metstdn Sync="TRUE">FGDC Content Standards for Digital Geospatial Metadata</metstdn><metstdv Sync="TRUE">FGDC-STD-001-1998</metstdv><mettc Sync="TRUE">local time</mettc><metc><cntinfo><cntorgp><cntper>REQUIRED: The person responsible for the metadata information.</cntper><cntorg>REQUIRED: The organization responsible for the metadata information.</cntorg></cntorgp><cntaddr><addrtype>REQUIRED: The mailing and/or physical address for the organization or individual.</addrtype><city>REQUIRED: The city of the address.</city><state>REQUIRED: The state or province of the address.</state><postal>REQUIRED: The ZIP or other postal code of the address.</postal></cntaddr><cntvoice>REQUIRED: The telephone number by which individuals can speak to the organization or individual.</cntvoice></cntinfo></metc><metd Sync="TRUE">20080129</metd><metextns><onlink Sync="TRUE">http://www.esri.com/metadata/esriprof80.html</onlink><metprof Sync="TRUE">ESRI Metadata Profile</metprof></metextns></metainfo><mdLang><languageCode Sync="TRUE" value="en"></languageCode></mdLang><mdStanName Sync="TRUE">ISO 19115 Geographic Information - Metadata</mdStanName><mdStanVer Sync="TRUE">DIS_ESRI1.0</mdStanVer><mdChar><CharSetCd Sync="TRUE" value="004"></CharSetCd></mdChar><mdHrLv><ScopeCd Sync="TRUE" value="005"></ScopeCd></mdHrLv><mdHrLvName Sync="TRUE">dataset</mdHrLvName><distinfo><resdesc Sync="TRUE">Downloadable Data</resdesc><stdorder><digform><digtinfo><transize Sync="TRUE">0.834</transize><dssize Sync="TRUE">0.834</dssize></digtinfo></digform></stdorder></distinfo><distInfo><distributor><distorTran><onLineSrc><orDesc Sync="TRUE">002</orDesc><linkage Sync="TRUE">file://\\LAGENODELPHIS\C$\TA_Courses\Spring2008\environ265\labs\lab04_benthic_habitat_modeling2\ROV_TransectN83.shp</linkage><protocol Sync="TRUE">Local Area Network</protocol></onLineSrc><transSize Sync="TRUE">0.834</transSize></distorTran><distorFormat><formatName Sync="TRUE">Shapefile</formatName></distorFormat></distributor></distInfo><spdoinfo><direct Sync="TRUE">Vector</direct><ptvctinf><esriterm Name="ROV_TransectN83"><efeatyp Sync="TRUE">Simple</efeatyp><efeageom Sync="TRUE">Polyline</efeageom><esritopo Sync="TRUE">FALSE</esritopo><efeacnt Sync="TRUE">88</efeacnt><spindex Sync="TRUE">TRUE</spindex><linrefer Sync="TRUE">TRUE</linrefer></esriterm><sdtsterm Name="ROV_TransectN83"><sdtstype Sync="TRUE">String</sdtstype><ptvctcnt Sync="TRUE">88</ptvctcnt></sdtsterm></ptvctinf></spdoinfo><spref><horizsys><cordsysn><geogcsn Sync="TRUE">GCS_North_American_1983</geogcsn><projcsn Sync="TRUE">NAD_1983_California_Teale_Albers</projcsn></cordsysn><planar><planci><plance Sync="TRUE">coordinate pair</plance><plandu Sync="TRUE">meters</plandu><coordrep><absres Sync="TRUE">0.000000</absres><ordres Sync="TRUE">0.000000</ordres></coordrep></planci><mapproj><mapprojn Sync="TRUE">Albers Conical Equal Area</mapprojn><albers><stdparll Sync="TRUE">34.000000</stdparll><stdparll Sync="TRUE">40.500000</stdparll><longcm Sync="TRUE">-120.000000</longcm><latprjo Sync="TRUE">0.000000</latprjo><feast Sync="TRUE">0.000000</feast><fnorth Sync="TRUE">-4000000.000000</fnorth></albers></mapproj></planar><geodetic><horizdn Sync="TRUE">North American Datum of 1983</horizdn><ellips Sync="TRUE">Geodetic Reference System 80</ellips><semiaxis Sync="TRUE">6378137.000000</semiaxis><denflat Sync="TRUE">298.257222</denflat></geodetic></horizsys></spref><refSysInfo><RefSystem><refSysID><identCode Sync="TRUE">NAD_1983_California_Teale_Albers</identCode></refSysID></RefSystem></refSysInfo><spatRepInfo><VectSpatRep><topLvl><TopoLevCd Sync="TRUE" value="001"></TopoLevCd></topLvl><geometObjs Name="ROV_TransectN83"><geoObjTyp><GeoObjTypCd Sync="TRUE" value="001"></GeoObjTypCd></geoObjTyp><geoObjCnt Sync="TRUE">88</geoObjCnt></geometObjs></VectSpatRep></spatRepInfo><eainfo><detailed Name="ROV_TransectN83"><enttyp><enttypl Sync="TRUE">ROV_TransectN83</enttypl><enttypt Sync="TRUE">Feature Class</enttypt><enttypc Sync="TRUE">88</enttypc></enttyp><attr><attrlabl Sync="TRUE">FID</attrlabl><attalias Sync="TRUE">FID</attalias><attrtype Sync="TRUE">OID</attrtype><attwidth Sync="TRUE">4</attwidth><atprecis Sync="TRUE">0</atprecis><attscale Sync="TRUE">0</attscale><attrdef Sync="TRUE">Internal feature number.</attrdef><attrdefs Sync="TRUE">ESRI</attrdefs><attrdomv><udom Sync="TRUE">Sequential unique whole numbers that are automatically generated.</udom></attrdomv></attr><attr><attrlabl Sync="TRUE">Shape</attrlabl><attalias Sync="TRUE">Shape</attalias><attrtype Sync="TRUE">Geometry</attrtype><attwidth Sync="TRUE">0</attwidth><atprecis Sync="TRUE">0</atprecis><attscale Sync="TRUE">0</attscale><attrdef Sync="TRUE">Feature geometry.</attrdef><attrdefs Sync="TRUE">ESRI</attrdefs><attrdomv><udom Sync="TRUE">Coordinates defining the features.</udom></attrdomv></attr><attr><attrlabl Sync="TRUE">ID</attrlabl><attalias Sync="TRUE">ID</attalias><attrtype Sync="TRUE">Number</attrtype><attwidth Sync="TRUE">19</attwidth><atnumdec Sync="TRUE">11</atnumdec></attr><attr><attrlabl Sync="TRUE">ET_ID</attrlabl><attalias Sync="TRUE">ET_ID</attalias><attrtype Sync="TRUE">String</attrtype><attwidth Sync="TRUE">254</attwidth></attr><attr><attrlabl Sync="TRUE">length</attrlabl><attalias Sync="TRUE">length</attalias><attrtype Sync="TRUE">Number</attrtype><attwidth Sync="TRUE">8</attwidth><atnumdec Sync="TRUE">1</atnumdec></attr><attr><attrlabl Sync="TRUE">Dive</attrlabl><attalias Sync="TRUE">Dive</attalias><attrtype Sync="TRUE">Number</attrtype><attwidth Sync="TRUE">3</attwidth></attr><attr><attrlabl Sync="TRUE">line</attrlabl><attalias Sync="TRUE">line</attalias><attrtype Sync="TRUE">Number</attrtype><attwidth Sync="TRUE">3</attwidth></attr><attr><attrlabl Sync="TRUE">segment</attrlabl><attalias Sync="TRUE">segment</attalias><attrtype Sync="TRUE">Number</attrtype><attwidth Sync="TRUE">3</attwidth></attr></detailed></eainfo><mdDateSt Sync="TRUE">20080129</mdDateSt><dataqual><lineage><procstep><procdesc Sync="TRUE">Dataset copied.</procdesc><srcused Sync="TRUE"></srcused><date Sync="TRUE">20050608</date><time Sync="TRUE">15281900</time></procstep><procstep><procdesc Sync="TRUE">Dataset copied.</procdesc><srcused Sync="TRUE">V:\265_admin\lab_development\carmel_bay\carmel_bay\ROV_TransectN83</srcused><date Sync="TRUE">20080129</date><time Sync="TRUE">13585200</time></procstep><procstep><procdesc Sync="TRUE">Dataset moved.</procdesc><srcused Sync="TRUE">C:\TA_Courses\Spring2008\environ265\labs\lab04_benthic_habitat_modeling\ROV_TransectN83</srcused><date Sync="TRUE">20080129</date><time Sync="TRUE">18104600</time></procstep></lineage></dataqual></metadata>
