<?xml version="1.0"?>
<!--<!DOCTYPE metadata SYSTEM "http://www.esri.com/metadata/esriprof80.dtd">-->
<metadata xml:lang="en"><Esri><CreaDate>20100128</CreaDate><CreaTime>11002700</CreaTime><SyncOnce>TRUE</SyncOnce><DataProperties><lineage><Process Name="Single Output Map Algebra" ToolSource="C:\Program Files\ArcGIS\ArcToolbox\Toolboxes\Spatial Analyst Tools.tbx\SingleOutputMapAlgebra" Date="20100128" Time="101619">SingleOutputMapAlgebra con(habras10 == 1, 1, 0) C:\temp\lab04_benthic_habitat_modeling\habras10_1 habras10</Process></lineage></DataProperties><MetaID>{EBD85CC0-16CE-4B08-8F38-615105556E70}</MetaID></Esri><idinfo><citation><citeinfo><onlink Sync="TRUE">\\AFS\acpub.duke.edu\courses\2010_spr\environ\265\265_admin\data\lab04_benthic_habitat_modeling\habras10_1</onlink></citeinfo></citation></idinfo><distInfo><distributor><distorTran><onLineSrc><linkage Sync="TRUE">file://\\AFS\acpub.duke.edu\courses\2010_spr\environ\265\265_admin\data\lab04_benthic_habitat_modeling\habras10_1</linkage><protocol Sync="TRUE">Local Area Network</protocol></onLineSrc></distorTran></distributor></distInfo><dataqual><lineage><procstep><procdesc Sync="TRUE">Dataset copied.</procdesc><srcused Sync="TRUE">C:\temp\lab04_benthic_habitat_modeling\habras10_1</srcused><procdate Sync="TRUE">20100128</procdate><proctime Sync="TRUE">11002700</proctime></procstep></lineage></dataqual></metadata>
